Name	Term	ES	NES	NOM p-val	FDR q-val	FWER p-val	Tag %	Gene %	Lead_genes
prerank	regulation of viral entry into host cell (GO:0046596)	-0.7540069385880174	-2.1138742663546872	0.001	0.005870026809243771	0.005	10/22	8.60%	Cd74;Ifitm1;Trim5;Trim14;Trim68;Gsn;Ifitm2;Lgals9;Trim21;Ifitm3
prerank	response to interferon-gamma (GO:0034341)	-0.6175694536550684	-2.061498272123695	0.001	0.011250884717717229	0.021	24/47	14.27%	Cd74;Ccl3;Ccl17;Ifitm1;Gbp2;Gbp6;Slc11a1;Bst2;Ifitm2;Casp1;Il12rb1;Lgals9;Gbp7;Trim21;Gbp5;Ifitm3;Wnt5a;Kynu;Gbp4;Pde12;Cd40;Gbp3;Irf8;Ccl5
prerank	defense response to symbiont (GO:0140546)	-0.5685890599237722	-2.0265980863140687	0.001	0.015001179623622973	0.041	39/74	22.12%	Zbp1;Ifitm1;Trim56;Tlr7;Trim5;Ifit3;Ifi27;Bst2;Agbl4;Pycard;Ifitm2;Nlrc5;Abcc9;Rtp4;Ddx58;Bnip3;Irf2;Ifitm3;Mov10;Rnase6;Pde12;Ncbp3;Cd40;Mavs;Lyst;Mlkl;Ptprc;Rela;Samhd1;Pmaip1;Oprk1;Ifit1;Irf3;Tlr3;Fadd;Ttc4;Ifit2;Stat2;Cgas
prerank	response to interferon-beta (GO:0035456)	-0.7411056401394225	-2.0061064815175844	0.001	0.017120911526960998	0.062	10/17	16.05%	Ifitm1;Bst2;Ifitm2;Ikbke;Xaf1;Cdc34;Ifitm3;Pnpt1;Ndufa13;Aim2
prerank	defense response to virus (GO:0051607)	-0.5523101677693025	-2.003863329985587	0.001	0.014283731902493177	0.065	40/82	22.12%	Zbp1;Cxcl10;Ifitm1;Trim56;Tlr7;Trim5;Ifit3;Ifi27;Bst2;Agbl4;Pycard;Ifitm2;Nlrc5;Abcc9;Rtp4;Ddx58;Bnip3;Irf2;Ifitm3;Mov10;Rnase6;Pde12;Ncbp3;Cd40;Mavs;Lyst;Mlkl;Ptprc;Rela;Samhd1;Pmaip1;Oprk1;Ifit1;Irf3;Tlr3;Fadd;Ttc4;Ifit2;Stat2;Cgas
prerank	regulation of activated T cell proliferation (GO:0046006)	-0.721798395873468	-1.9446420642382714	0.001	0.0365246112575168	0.173	8/18	5.50%	Tnfsf9;Ido1;Cd274;Ager;Pycard;Igf2;Il12rb1;Lgals9
prerank	cellular response to interferon-gamma (GO:0071346)	-0.5426300637818892	-1.9198028892057941	0.0014771048744460858	0.0483578399047225	0.257	24/64	14.27%	Ccl3;Ccl17;Gbp2;Mid1;Gbp6;Trim5;Irf9;Trim68;Ptafr;B2m;Casp1;Il12rb1;Lgals9;Gbp7;Trim21;Gbp5;Irf5;Irf2;Wnt5a;Gbp4;Pde12;Gbp3;Irf8;Ccl5
prerank	neurotransmitter transport (GO:0006836)	0.47770664709330574	1.8816831626323456	0.001	1.0	0.612	13/63	7.83%	Slc18a3;Syt1;Chat;Slc17a8;Slc5a7;Slc18a2;Stxbp3;Slc1a6;Slc17a6;Snph;Slc29a4;Gad2;Syn1
prerank	positive regulation of phagocytosis (GO:0050766)	-0.6021166941819976	-1.8549493308064446	0.001	0.11336489275352034	0.534	16/35	14.98%	Slc11a1;Dock2;Pycard;C4b;Nckap1l;Il15ra;C3;Gata2;Mertk;Il2rg;Rab31;Cyba;Trem2;Ptprc;Fcer1g;Cd300lf
prerank	membrane depolarization during action potential (GO:0086010)	0.5797846164512989	1.8302921130490724	0.005390835579514825	0.9957727600783586	0.805	10/24	17.98%	Hcn4;Scn10a;Scn9a;Scn7a;Scn4b;Scn2a;Kcnj2;Kcnh2;Scn5a;Cacna1h
prerank	regulation of catecholamine secretion (GO:0050433)	0.563724328134849	1.8145047089176127	0.001	0.7765709543070166	0.838	14/27	26.78%	Syt1;Drd3;Kcna2;Syt10;Syt5;Syt2;Grk2;Drd2;Syt11;Syt4;Chrnb2;Chga;Syt13;Snca
prerank	dicarboxylic acid metabolic process (GO:0043648)	-0.54726688885644	-1.8051735232970707	0.001	0.20229851651856778	0.787	20/47	22.67%	Mthfd1l;Ggt1;Aldh1l2;Fpgs;Haao;Phyh;Mthfd1;Mdh1b;Slc19a1;Acot4;Slc46a1;Dglucy;Dhfr;Hoga1;Shmt1;D2hgdh;Mtrr;Me1;Idh2;Mthfd2l
prerank	interferon-gamma-mediated signaling pathway (GO:0060333)	-0.5484896429553127	-1.7703095858441793	0.004893964110929853	0.291055495958337	0.905	10/37	8.14%	Gbp2;Mid1;Trim5;Irf9;Trim68;Ptafr;B2m;Trim21;Irf5;Irf2
prerank	regulation of viral genome replication (GO:0045069)	-0.5400031829073153	-1.7637297992414842	0.001	0.2858525176501437	0.918	24/44	26.34%	Ifitm1;Bst2;Ifitm2;Ppara;Cd28;Prox1;Zc3hav1;Parp10;Ifitm3;Pde12;Mavs;Stau1;Ccl5;Tarbp2;Pkn2;Ifit1;N4bp1;Fam111a;Srpk1;Pabpc1;Eif2ak2;Rsad2;Tmem39a;Isg20
prerank	regulation of synaptic transmission, glutamatergic (GO:0051966)	0.49731902253022237	1.763522956763887	0.001	0.9362032820067954	0.931	16/41	18.93%	Syt1;Drd3;Lrrk2;Ptk2b;Grm5;Cacng5;Grm4;Nlgn1;Reln;Nlgn3;Cacng8;Atad1;Grm7;Grm1;Drd2;Mef2c
prerank	regulation of membrane depolarization (GO:0003254)	0.6354398899543565	1.7516850331088907	0.007462686567164179	0.8371982891944068	0.95	6/16	17.17%	Hcn4;Scn10a;Lrrk2;Gja5;Ptpn3;Scn5a
prerank	collagen fibril organization (GO:0030199)	-0.48216729237357653	-1.7501876192234564	0.001	0.30882863268632504	0.94	31/83	14.79%	Col24a1;Col27a1;Col4a5;Lum;Col6a2;Loxl2;Col5a2;Col16a1;Col3a1;P3h1;P4ha3;Col4a4;Loxl1;Col9a3;Tll2;Col6a1;Lamb3;P4ha2;Col2a1;Plod2;Pxdn;Crtap;Col1a2;Col19a1;Itga6;Col28a1;Plod1;Col18a1;Col11a1;Colgalt2;Colgalt1
prerank	defense response to Gram-positive bacterium (GO:0050830)	-0.5895240547549884	-1.7363375433241037	0.003355704697986577	0.33895641985684544	0.966	15/27	24.82%	Gbp2;Gbp6;Gsdmd;Gbp7;Mr1;Il12a;Lbp;Gbp4;Ang;Rnase6;Rarres2;Pglyrp1;Drosha;Hmgb2;Adam17
prerank	regulation of JUN kinase activity (GO:0043506)	0.5301433441106708	1.728727096406527	0.005649717514124294	0.8501006739644921	0.969	15/29	20.24%	Arhgef5;Nppa;Fzd10;Gstp1;Ptpn22;Tlr6;Traf2;Map3k4;Dab2ip;Tlr9;Dnaja1;Pdcd4;Tnfrsf11a;Map3k7;Dvl2
prerank	organic acid transport (GO:0015849)	-0.48074916290109765	-1.722416513732451	0.001	0.3745636154469836	0.981	24/70	13.45%	Slc7a14;Folr1;Slc1a5;Slc22a6;Slc6a12;Slc26a8;Slc25a30;Abcc4;Sfxn5;Pdpn;Abcg2;Rxra;Slco1c1;Atp8b1;Slc43a1;Slc26a7;Stard5;Slc19a1;Slc46a1;Ceacam1;Slc10a3;Slc7a11;Slc7a6;Slc26a1
